<?xml version="1.0" encoding="UTF-8"?>

<!--
 * See the NOTICE file distributed with this work for additional
 * information regarding copyright ownership.
 *
 * This is free software; you can redistribute it and/or modify it
 * under the terms of the GNU Lesser General Public License as
 * published by the Free Software Foundation; either version 2.1 of
 * the License, or (at your option) any later version.
 *
 * This software is distributed in the hope that it will be useful,
 * but WITHOUT ANY WARRANTY; without even the implied warranty of
 * MERCHANTABILITY or FITNESS FOR A PARTICULAR PURPOSE. See the GNU
 * Lesser General Public License for more details.
 *
 * You should have received a copy of the GNU Lesser General Public
 * License along with this software; if not, write to the Free
 * Software Foundation, Inc., 51 Franklin St, Fifth Floor, Boston, MA
 * 02110-1301 USA, or see the FSF site: http://www.fsf.org.
-->

<!DOCTYPE hibernate-configuration PUBLIC
  "-//Hibernate/Hibernate Configuration DTD//EN"
  "http://www.hibernate.org/dtd/hibernate-configuration-3.0.dtd">
<hibernate-configuration>
  <session-factory>

    <!-- Please refer to the installation guide on
         https://www.xwiki.org/xwiki/bin/view/Documentation/AdminGuide/Installation/ for configuring your
         database. You'll need to do 2 things:
         1) Copy your database driver JAR in WEB-INF/lib or in some shared lib directory
         2) Uncomment the properties below for your specific DB (and comment the default
            database configuration if it doesn't match your DB)
    -->

    <!-- Generic parameters common to all Databases -->

    <property name="show_sql">false</property>
    <property name="use_outer_join">true</property>

    <!-- Without it, some queries fail in MS SQL. XWiki doesn't need scrollable result sets, anyway. -->
    <property name="jdbc.use_scrollable_resultset">false</property>

    <!-- DBCP Connection Pooling configuration. Only some properties are shown. All available properties can be found
         at https://commons.apache.org/proper/commons-dbcp/configuration.html
    -->
    <property name="dbcp.defaultAutoCommit">false</property>
    <property name="dbcp.maxTotal">50</property>
    <property name="dbcp.maxIdle">5</property>
    <property name="dbcp.maxWaitMillis">30000</property>
    <property name="connection.provider_class">com.xpn.xwiki.store.DBCPConnectionProvider</property>

    <!-- Setting "dbcp.poolPreparedStatements" to true and "dbcp.maxOpenPreparedStatements" will tell DBCP to cache
         Prepared Statements (it's off by default). Note that for backward compatibility the "dbcp.ps.maxActive" is also
         supported and when set it'll set "dbcp.poolPreparedStatements" to true and "dbcp.maxOpenPreparedStatements" to
         value of "dbcp.ps.maxActive".

         Note 1: When using HSQLDB for example, it's important to NOT cache prepared statements because HSQLDB
         Prepared Statements (PS) contain the schema on which they were initially created and thus when switching
         schema if the same PS is reused it'll execute on the wrong schema! Since HSQLDB does internally cache
         prepared statement there's no performance loss by not caching Prepared Statements at the DBCP level.
         See https://jira.xwiki.org/browse/XWIKI-1740.
         Thus we recommend not turning on this configuration for HSQLDB unless you know what you're doing :)

         Note 2: The same applies to PostGreSQL.
    -->

    <!-- BoneCP Connection Pooling configuration.
    <property name="bonecp.idleMaxAgeInMinutes">240</property>
    <property name="bonecp.idleConnectionTestPeriodInMinutes">60</property>
    <property name="bonecp.partitionCount">3</property>
    <property name="bonecp.acquireIncrement">10</property>
    <property name="bonecp.maxConnectionsPerPartition">60</property>
    <property name="bonecp.minConnectionsPerPartition">20</property>
    <property name="bonecp.statementsCacheSize">50</property>
    <property name="bonecp.releaseHelperThreads">3</property>
    <property name="connection.provider_class">com.xpn.xwiki.store.DBCPConnectionProvider</property>
    -->

    <!-- MySQL configuration.
         Notes:
           - if you want the main wiki database to be different than "xwiki"
             you will also have to set the property xwiki.db in xwiki.cfg file
    -->
    <property name="connection.url">jdbc:mysql://xwiki.mysql.database.azure.com:3306/xwiki?useSSL=true&amp;requireSSL=false</property>
    <property name="connection.username">xwiki@xwiki</property>
    <property name="connection.password">amela@1234</property>
    <property name="connection.driver_class">com.mysql.jdbc.Driver</property>
    <property name="dbcp.poolPreparedStatements">true</property>
    <property name="dbcp.maxOpenPreparedStatements">20</property>

    <property name="hibernate.connection.charSet">UTF-8</property>
    <property name="hibernate.connection.useUnicode">true</property>
    <property name="hibernate.connection.characterEncoding">utf8</property>

    <mapping resource="xwiki.hbm.xml"/>
    <mapping resource="feeds.hbm.xml"/>
    <mapping resource="instance.hbm.xml"/>
    <mapping resource="notification-filter-preferences.hbm.xml"/>
    <mapping resource="mailsender.hbm.xml"/>
    <mapping resource="activitystream.hbm.xml"/>
  </session-factory>
</hibernate-configuration>
